ResourceID,Period Name,Period Name Use Type,Period Name Currency Type,Alternative Name,Alternative Name Use Type,Alternative Name Currency Type,Period Description,Period Description Type,Period Type,Earliest Possible Start Date,Latest Possible End Date,Parent Period,Geospatial Coordinates
00c39f2f-908c-44cb-9601-b609dbaec750,Late 15th Century,Primary,Current,Late 15th Century CE,Alternative,Current,The latter part of the fifteenth century of the current calendar era (Anno Domini or Common Era) according to the Gregorian Calendar.,Full,Century,1467,1500,"[{""resourceId"": ""951df501-fa20-416e-869f-458ed9c79d32"", ""ontologyProperty"": ""http://www.cidoc-crm.org/cidoc-crm/P10_falls_within"", ""resourceXresourceId"": """", ""inverseOntologyProperty"": ""http://www.cidoc-crm.org/cidoc-crm/P10i_contains""}]",
058fe0c0-6a5b-4a57-ae6a-eb4bd56b5d84,Mid 10th Century,Primary,Current,Mid 10th Century CE,Alternative,Current,The middle part of the tenth century of the current calendar era (Anno Domini or Common Era) according to the Gregorian Calendar.,Full,Century,933,966,"[{""resourceId"": ""cbc16260-cc04-44c6-a766-100d14e71659"", ""ontologyProperty"": ""http://www.cidoc-crm.org/cidoc-crm/P10_falls_within"", ""resourceXresourceId"": """", ""inverseOntologyProperty"": ""http://www.cidoc-crm.org/cidoc-crm/P10i_contains""}]",
05aa2112-43ee-477f-a44a-dc5ca0e01780,Early 15th Century,Primary,Current,Early 15th Century CE,Alternative,Current,The early part of the fifteenth century of the current calendar era (Anno Domini or Common Era) according to the Gregorian Calendar.,Full,Century,1401,1432,"[{""resourceId"": ""951df501-fa20-416e-869f-458ed9c79d32"", ""ontologyProperty"": ""http://www.cidoc-crm.org/cidoc-crm/P10_falls_within"", ""resourceXresourceId"": """", ""inverseOntologyProperty"": ""http://www.cidoc-crm.org/cidoc-crm/P10i_contains""}]",
0631b1a1-8e57-41ef-8b5b-b7b25964d39c,Hoxnian,Primary,Current,,,,"A Mid Pleistocene stage in the British onshore Quaternary climatostratigraphic scheme. It is interpreted as a temporate (interglacial) interval, preceded by the Anglian and followed by the Wolstonian.",Full,Geological Period,-421000,-360000,"[{""resourceId"": ""33d9b0ef-03fd-4e92-95a7-b518c38a0f58"", ""ontologyProperty"": ""http://www.cidoc-crm.org/cidoc-crm/P10_falls_within"", ""resourceXresourceId"": """", ""inverseOntologyProperty"": ""http://www.cidoc-crm.org/cidoc-crm/P10i_contains""}]",
08c51b06-9ea7-4683-839a-376136be5709,Early 13th Century,Primary,Current,Early 13th Century CE,Alternative,Current,The early part of the thirteenth century of the current calendar era (Anno Domini or Common Era) according to the Gregorian Calendar.,Full,Century,1201,1232,"[{""resourceId"": ""e6bb2f0e-2bdf-408d-bd79-89e3c2aece1e"", ""ontologyProperty"": ""http://www.cidoc-crm.org/cidoc-crm/P10_falls_within"", ""resourceXresourceId"": """", ""inverseOntologyProperty"": ""http://www.cidoc-crm.org/cidoc-crm/P10i_contains""}]",
0c1b2551-574e-4070-a023-069c297d1886,3rd Century,Primary,Current,3rd Century CE,Alternative,Current,The third century of the current calendar era (Anno Domini or Common Era) according to the Gregorian Calendar.,Full,Century,201,300,,
0f1231a0-5e2c-4ef0-88fd-acc1b1833cc6,Middle Neolithic,Primary,Current,,,,"The second subdivision of the Neolithic, or New Stone Age.",Full,Technological Period,-3300,-2900,"[{""resourceId"": ""1f0dffe8-0ac9-43ee-963f-16e4fbe401a5"", ""ontologyProperty"": ""http://www.cidoc-crm.org/cidoc-crm/P10_falls_within"", ""resourceXresourceId"": """", ""inverseOntologyProperty"": ""http://www.cidoc-crm.org/cidoc-crm/P10i_contains""}]",
10c610a1-1403-466f-adbd-407b311b4a61,Late 14th Century,Primary,Current,Late 14th Century CE,Alternative,Current,The latter part of the fourteenth century of the current calendar era (Anno Domini or Common Era) according to the Gregorian Calendar.,Full,Century,1367,1400,"[{""resourceId"": ""58b75948-a3fc-4ce2-a008-0f36f423efd3"", ""ontologyProperty"": ""http://www.cidoc-crm.org/cidoc-crm/P10_falls_within"", ""resourceXresourceId"": """", ""inverseOntologyProperty"": ""http://www.cidoc-crm.org/cidoc-crm/P10i_contains""}]",
11894e6a-d36b-49d6-986b-ef49853b2cf1,Elizabethan,Primary,Current,,,,Dating to the reign of Elizabeth I of England.,Full,Political Period,1558,1603,"[{""resourceId"": ""b06f958e-34b1-4973-bb22-fda5d6903533"", ""ontologyProperty"": ""http://www.cidoc-crm.org/cidoc-crm/P10_falls_within"", ""resourceXresourceId"": """", ""inverseOntologyProperty"": ""http://www.cidoc-crm.org/cidoc-crm/P10i_contains""}]",
132631f4-aeef-4877-ac78-337f357eb15a,Post Medieval,Primary,Current,,,,Begins with the dissolution of the monasteries and ends with the death of Queen Victoria. Use more specific period where known.,Full,Historic Period,1540,1901,,
14c4198c-c89b-49fb-9b2b-71dd2595116b,Anglian,Primary,Current,,,,"A Mid Pleistocene stage in the British onshore Quaternary climatostratigraphic scheme. It is interpreted as a cold (glacial) interval, preceded by the Cromerian and followed by the Hoxnian.",Full,Geological Period,-480000,-421000,"[{""resourceId"": ""33d9b0ef-03fd-4e92-95a7-b518c38a0f58"", ""ontologyProperty"": ""http://www.cidoc-crm.org/cidoc-crm/P10_falls_within"", ""resourceXresourceId"": """", ""inverseOntologyProperty"": ""http://www.cidoc-crm.org/cidoc-crm/P10i_contains""}]",
14ecbd32-14e3-4dc0-811f-cba49f1d5e92,Early 10th Century,Primary,Current,Early 10th Century CE,Alternative,Current,The early part of the tenth century of the current calendar era (Anno Domini or Common Era) according to the Gregorian Calendar.,Full,Century,901,932,"[{""resourceId"": ""cbc16260-cc04-44c6-a766-100d14e71659"", ""ontologyProperty"": ""http://www.cidoc-crm.org/cidoc-crm/P10_falls_within"", ""resourceXresourceId"": """", ""inverseOntologyProperty"": ""http://www.cidoc-crm.org/cidoc-crm/P10i_contains""}]",
17a25c50-799d-4ea7-bd0f-0994e30c1f63,Roman,Primary,Current,,,,The Roman period traditionally begins with the Roman invasion in 43AD and ends with the emperor Honorius directing Britain to see to its own defence in 410AD.,Full,Historic Period,43,410,,
183497b1-dd31-450a-999b-77707ffb4a36,Early 3rd Century,Primary,Current,Early 3rd Century CE,Alternative,Current,The early part of the third century of the current calendar era (Anno Domini or Common Era) according to the Gregorian Calendar.,Full,Century,201,232,"[{""resourceId"": ""0c1b2551-574e-4070-a023-069c297d1886"", ""ontologyProperty"": ""http://www.cidoc-crm.org/cidoc-crm/P10_falls_within"", ""resourceXresourceId"": """", ""inverseOntologyProperty"": ""http://www.cidoc-crm.org/cidoc-crm/P10i_contains""}]",
19ad4fcb-df3e-4c51-9b95-7a5267fca4f4,Mesolithic,Primary,Current,Middle Stone Age,Former,Former,"The Middle Stone Age, falling between the Palaeolithic and the Neolithic; marks the beginning of a move from a hunter gatherer society towards food producing society.",Full,Technological Period,-10000,-4000,"[{""resourceId"": ""c657a510-0bf1-4d10-a463-88a81674f200"", ""ontologyProperty"": ""http://www.cidoc-crm.org/cidoc-crm/P10_falls_within"", ""resourceXresourceId"": """", ""inverseOntologyProperty"": ""http://www.cidoc-crm.org/cidoc-crm/P10i_contains""}]",
1a9b64fc-286b-4320-a6b7-9bf6f2caeb02,Late 8th Century,Primary,Current,Late 8th Century CE,Alternative,Current,The latter part of the eighth century of the current calendar era (Anno Domini or Common Era) according to the Gregorian Calendar.,Full,Century,767,800,"[{""resourceId"": ""d60dff61-8e36-4408-836e-aa4beea47919"", ""ontologyProperty"": ""http://www.cidoc-crm.org/cidoc-crm/P10_falls_within"", ""resourceXresourceId"": """", ""inverseOntologyProperty"": ""http://www.cidoc-crm.org/cidoc-crm/P10i_contains""}]",
1aca10b5-9a41-43a9-945d-9aa66448651c,Mid 14th Century,Primary,Current,Mid 14th Century CE,Alternative,Current,The middle part of the fourteenth century of the current calendar era (Anno Domini or Common Era) according to the Gregorian Calendar.,Full,Century,1333,1366,"[{""resourceId"": ""58b75948-a3fc-4ce2-a008-0f36f423efd3"", ""ontologyProperty"": ""http://www.cidoc-crm.org/cidoc-crm/P10_falls_within"", ""resourceXresourceId"": """", ""inverseOntologyProperty"": ""http://www.cidoc-crm.org/cidoc-crm/P10i_contains""}]",
1f0dffe8-0ac9-43ee-963f-16e4fbe401a5,Neolithic,Primary,Current,New Stone Age,Former,Former,"The New Stone Age, this period follows on from the Palaeolithic and the Mesolithic and is itself succeeded by the Bronze Age. This period is characterized by the practice of a farming economy and extensive monumental constructions.",Full,Technological Period,-4000,-2200,"[{""resourceId"": ""826b0bd1-2a48-42ea-a231-f70c176e6f1d"", ""ontologyProperty"": ""http://www.cidoc-crm.org/cidoc-crm/P10_falls_within"", ""resourceXresourceId"": """", ""inverseOntologyProperty"": ""http://www.cidoc-crm.org/cidoc-crm/P10i_contains""}]",
25bda87a-178f-4cd2-a18a-940f01e57f15,Early 20th Century,Primary,Current,Early 20th Century CE,Alternative,Current,The early part of the twentieth century of the current calendar era (Anno Domini or Common Era) according to the Gregorian Calendar.,Full,Century,1901,1932,"[{""resourceId"": ""dce82930-30a2-4065-8d81-f7235aea1e0b"", ""ontologyProperty"": ""http://www.cidoc-crm.org/cidoc-crm/P10_falls_within"", ""resourceXresourceId"": """", ""inverseOntologyProperty"": ""http://www.cidoc-crm.org/cidoc-crm/P10i_contains""}]",
26036962-652e-4b06-9f46-73204e76b0c5,Wolstonian,Primary,Current,,,,"A Mid Pleistocene stage in the British onshore Quaternary climatostratigraphic scheme. It is interpreted as a cold (glacial) interval, preceded by the Hoxnian and followed by the Ipswichian.",Full,Geological Period,-360000,-124000,"[{""resourceId"": ""33d9b0ef-03fd-4e92-95a7-b518c38a0f58"", ""ontologyProperty"": ""http://www.cidoc-crm.org/cidoc-crm/P10_falls_within"", ""resourceXresourceId"": """", ""inverseOntologyProperty"": ""http://www.cidoc-crm.org/cidoc-crm/P10i_contains""}]",
29193444-8535-4531-ae30-30e91258434d,Viking,Primary,Current,Anglo-Scandinavian,Alternative,Current,"A specific subdivision of the Early Medieval period encompassing the era during which there was a settled Scandinavian presence and cultural influence in England, from the invasion of the 'Great Heathen Army' in 865 AD to the defeat of Harold Hardrada at Stamford Bridge in 1066 AD. Use only to refer to Heritage Assets or resources that have an explicitly Scandinavian character or origin.",Full,Historic Period,865,1066,"[{""resourceId"": ""f454d9df-142a-4cbe-8d5c-63ed1024dab0"", ""ontologyProperty"": ""http://www.cidoc-crm.org/cidoc-crm/P10_falls_within"", ""resourceXresourceId"": """", ""inverseOntologyProperty"": ""http://www.cidoc-crm.org/cidoc-crm/P10i_contains""}]",
2932661b-0748-40ee-9d20-7a9a44e7da59,Bronze Age,Primary,Current,,,,"This period follows on from the Neolithic and is characterized by the increasing use of Bronzework. It is subdivided in the Early, Middle and Late Bronze Age.",Full,Technological Period,-2600,-700,"[{""resourceId"": ""826b0bd1-2a48-42ea-a231-f70c176e6f1d"", ""ontologyProperty"": ""http://www.cidoc-crm.org/cidoc-crm/P10_falls_within"", ""resourceXresourceId"": """", ""inverseOntologyProperty"": ""http://www.cidoc-crm.org/cidoc-crm/P10i_contains""}]",
2dc7edc8-9f4c-4817-a383-64c54bf16a71,Late 16th Century,Primary,Current,Late 16th Century CE,Alternative,Current,The latter part of the sixteenth century of the current calendar era (Anno Domini or Common Era) according to the Gregorian Calendar.,Full,Century,1567,1600,"[{""resourceId"": ""eca63529-41f0-4eb8-abd3-e0733a63583c"", ""ontologyProperty"": ""http://www.cidoc-crm.org/cidoc-crm/P10_falls_within"", ""resourceXresourceId"": """", ""inverseOntologyProperty"": ""http://www.cidoc-crm.org/cidoc-crm/P10i_contains""}]",
33d9b0ef-03fd-4e92-95a7-b518c38a0f58,Mid Pleistocene,Primary,Current,,,,The second of three subdivisions of the Pleistocene Epoch.,Full,Geological Period,-779000,-124000,"[{""resourceId"": ""ee796633-6926-41de-98b4-06e098ee9830"", ""ontologyProperty"": ""http://www.cidoc-crm.org/cidoc-crm/P10_falls_within"", ""resourceXresourceId"": """", ""inverseOntologyProperty"": ""http://www.cidoc-crm.org/cidoc-crm/P10i_contains""}]",
360c5453-659c-411e-88a0-b4060ba7c14a,Middle Anglo-Saxon,Primary,Current,,,,"The second subdivision of the Early Medieval period. The use of the term Anglo-Saxon is generally no longer favoured when refering to the historical period, but no satisfactory alternative for this subdivision has been identified. The period approximately encompasses the period of the Mercian supremacy, the 'golden age' of monastic learning exemplified by Bede, the Viking raids and establishment of the Danelaw and the reaction against these incursions led by King Alfred of Wessex.",Full,Historic Period,650,900,"[{""resourceId"": ""f454d9df-142a-4cbe-8d5c-63ed1024dab0"", ""ontologyProperty"": ""http://www.cidoc-crm.org/cidoc-crm/P10_falls_within"", ""resourceXresourceId"": """", ""inverseOntologyProperty"": ""http://www.cidoc-crm.org/cidoc-crm/P10i_contains""}]",
39f57091-7290-439d-8826-028bd9207192,6th Century,Primary,Current,6th Century CE,Alternative,Current,The sixth century of the current calendar era (Anno Domini or Common Era) according to the Gregorian Calendar.,Full,Century,501,600,,
3c9fcc6d-d7bf-464a-ae9d-a1da1f196a5f,Edwardian,Primary,Current,,,,The period covering the reign of Edward VII. Do not use for the reigns of Edwards I-VI.,Full,Political Period,1901,1910,"[{""resourceId"": ""dce82930-30a2-4065-8d81-f7235aea1e0b"", ""ontologyProperty"": ""http://www.cidoc-crm.org/cidoc-crm/P10_falls_within"", ""resourceXresourceId"": """", ""inverseOntologyProperty"": ""http://www.cidoc-crm.org/cidoc-crm/P10i_contains""}]",
3cb2bdaa-4b67-4fb3-b54a-39e8eea52a0a,Devensian,Primary,Current,,,,"The last Late Pleistocene stage in the British onshore Quaternary climatostratigraphic scheme. It is interpreted as a cold (glacial) interval, preceded by the Ipswichian.",Full,Geological Period,-114000,-9800,"[{""resourceId"": ""d99d4891-9d5f-49f9-9fcb-ff5ce20a812a"", ""ontologyProperty"": ""http://www.cidoc-crm.org/cidoc-crm/P10_falls_within"", ""resourceXresourceId"": """", ""inverseOntologyProperty"": ""http://www.cidoc-crm.org/cidoc-crm/P10i_contains""}]",
3ecf6ca4-a41f-43f3-9cad-b3a7fa7ca8a1,Romano-British,Primary,Current,,,,"Romano-British culture is the name given to the social and material culture resulting from the adoption, adaptation and reinterpretation of Roman artistic, cultural, economic and social practices by the indigenous British population, beginning with the Roman conquest of 43 AD but potentially continuing in some areas of southern Britain well into the mid-late 5th Century, after Rome had withdrawn from the province.",Full,Cultural Period,43,500,,
3fb6c900-0dc9-4d9d-a11e-3a882a5dfa83,Prehistoric,Primary,Current,,,,For monuments that can be identified only to a date range from Palaeolithic to Iron Age.,Full,Technological Period,-1000000,43,,
42d12345-35c1-404b-8e57-94fec14a09e4,English Civil War,Primary,Current,,,,"A period of civil wars in England fought between Royalists (supporters of King Charles I, also known as Cavaliers) and Parliamentarians (led first by Thomas Fairfax and later by Oliver Cromwell, also known as Roundheads) over the manner of England's governance and religious freedoms. King Charles I was executed in 1649 and the Commonwealth established, but the Civil War did not truly conclude until the defeat of Charles II's forces at the Battle of Worcester in 1651, and his subsequent escape to France.",Full,Historic Period,1642,1651,"[{""resourceId"": ""b06f958e-34b1-4973-bb22-fda5d6903533"", ""ontologyProperty"": ""http://www.cidoc-crm.org/cidoc-crm/P10_falls_within"", ""resourceXresourceId"": """", ""inverseOntologyProperty"": ""http://www.cidoc-crm.org/cidoc-crm/P10i_contains""}]",
463fa348-8150-4aba-954d-fe10332afaea,Late 18th Century,Primary,Current,Late 18th Century CE,Alternative,Current,The latter part of the eighteenth century of the current calendar era (Anno Domini or Common Era) according to the Gregorian Calendar.,Full,Century,1767,1800,"[{""resourceId"": ""d0208e63-236b-46ba-882d-4780381db674"", ""ontologyProperty"": ""http://www.cidoc-crm.org/cidoc-crm/P10_falls_within"", ""resourceXresourceId"": """", ""inverseOntologyProperty"": ""http://www.cidoc-crm.org/cidoc-crm/P10i_contains""}]",
4832d2f7-05a7-47fd-811a-1c560dc874b3,Early 16th Century,Primary,Current,Early 16th Century CE,Alternative,Current,The early part of the sixteenth century of the current calendar era (Anno Domini or Common Era) according to the Gregorian Calendar.,Full,Century,1501,1532,"[{""resourceId"": ""eca63529-41f0-4eb8-abd3-e0733a63583c"", ""ontologyProperty"": ""http://www.cidoc-crm.org/cidoc-crm/P10_falls_within"", ""resourceXresourceId"": """", ""inverseOntologyProperty"": ""http://www.cidoc-crm.org/cidoc-crm/P10i_contains""}]",
4a5aca7c-ca12-43b8-858d-df1ab3fd131e,Middle Palaeolithic,Primary,Current,,,,The second subdivision of the Palaeolithic or Old Stone Age. Characterized by the fine flake tools of the Mousterian tradition and economically by a hunter gatherer society.,Full,Technological Period,-150000,-40000,"[{""resourceId"": ""509fc0ea-c0c5-41f6-844f-465f89cbed1b"", ""ontologyProperty"": ""http://www.cidoc-crm.org/cidoc-crm/P10_falls_within"", ""resourceXresourceId"": """", ""inverseOntologyProperty"": ""http://www.cidoc-crm.org/cidoc-crm/P10i_contains""}]",
4b0dbbd3-f92d-4b47-89b3-4a8b6b4978c9,Early 18th Century,Primary,Current,Early 18th Century CE,Alternative,Current,The early part of the eighteenth century of the current calendar era (Anno Domini or Common Era) according to the Gregorian Calendar.,Full,Century,1701,1732,"[{""resourceId"": ""d0208e63-236b-46ba-882d-4780381db674"", ""ontologyProperty"": ""http://www.cidoc-crm.org/cidoc-crm/P10_falls_within"", ""resourceXresourceId"": """", ""inverseOntologyProperty"": ""http://www.cidoc-crm.org/cidoc-crm/P10i_contains""}]",
4e028b7c-1f6a-44c8-857e-29a383e959f1,Anglo-Saxon,Primary,Current,,,,"This is only to be used in reference to material culture, architecture and literature of 'Anglo-Saxon' stylistic character, as opposed to the broader historical period, which is to be recorded under Early Medieval or its sub-periods.",Full,Cultural Period,410,1100,,
4f23d1f7-9cc2-450c-8d8b-a964c51ba39f,Mid 9th Century,Primary,Current,Mid 9th Century CE,Alternative,Current,The middle part of the ninth century of the current calendar era (Anno Domini or Common Era) according to the Gregorian Calendar.,Full,Century,833,866,"[{""resourceId"": ""779f2bba-192b-431b-9452-0992cba0e911"", ""ontologyProperty"": ""http://www.cidoc-crm.org/cidoc-crm/P10_falls_within"", ""resourceXresourceId"": """", ""inverseOntologyProperty"": ""http://www.cidoc-crm.org/cidoc-crm/P10i_contains""}]",
4f853fb3-8a0d-487f-860d-80c540f85fd7,Stuart,Primary,Current,,,,Dating to the reign of the Stuart kings of England (including the Commonwealth inter-regnum),Full,Political Period,1603,1714,"[{""resourceId"": ""132631f4-aeef-4877-ac78-337f357eb15a"", ""ontologyProperty"": ""http://www.cidoc-crm.org/cidoc-crm/P10_falls_within"", ""resourceXresourceId"": """", ""inverseOntologyProperty"": ""http://www.cidoc-crm.org/cidoc-crm/P10i_contains""}]",
5089f242-5372-4241-8efb-abaa1e6c09ec,Cromerian,Primary,Current,,,,"An Early-to-Mid Pleistocene stage in the British onshore Quaternary climatostratigraphic scheme. It is interpreted as a temporate (interglacial) interval, preceded by the Beestonian and followed by the Anglian.",Full,Geological Period,-860000,-480000,"[{""resourceId"": ""ce69b6ce-038a-4b9b-876b-4c024bac29b1"", ""ontologyProperty"": ""http://www.cidoc-crm.org/cidoc-crm/P10_falls_within"", ""resourceXresourceId"": """", ""inverseOntologyProperty"": ""http://www.cidoc-crm.org/cidoc-crm/P10i_contains""},{""resourceId"": ""33d9b0ef-03fd-4e92-95a7-b518c38a0f58"", ""ontologyProperty"": ""http://www.cidoc-crm.org/cidoc-crm/P10_falls_within"", ""resourceXresourceId"": """", ""inverseOntologyProperty"": ""http://www.cidoc-crm.org/cidoc-crm/P10i_contains""}]",
509fc0ea-c0c5-41f6-844f-465f89cbed1b,Palaeolithic,Primary,Current,Old Stone Age,Former,Former,"The period once referred to as the Old Stone Age. It is defined by the practice of hunting and gathering and the use of chipped flint tools. This period is usually divided up into the Lower, Middle and Upper Palaeolithic.",Full,Technological Period,-1000000,-10000,"[{""resourceId"": ""c657a510-0bf1-4d10-a463-88a81674f200"", ""ontologyProperty"": ""http://www.cidoc-crm.org/cidoc-crm/P10_falls_within"", ""resourceXresourceId"": """", ""inverseOntologyProperty"": ""http://www.cidoc-crm.org/cidoc-crm/P10i_contains""}]",
515c7af8-898b-4bf6-af63-2159fa3fe741,Restoration,Primary,Current,,,,"Period named for the restoration of the English monarchy under Charles II, after the collapse of the republican Commonwealth. While the term 'Restoration' has been used to cover only the reigns of Charles II and his brother James II, it is also commonly used in reference to the remainder of the Stuart dynasty, from the reinstatement of Charles II through to the death of Queen Anne. It is also used to refer to art and literature of the era.",Full,Political Period,1660,1714,"[{""resourceId"": ""4f853fb3-8a0d-487f-860d-80c540f85fd7"", ""ontologyProperty"": ""http://www.cidoc-crm.org/cidoc-crm/P10_falls_within"", ""resourceXresourceId"": """", ""inverseOntologyProperty"": ""http://www.cidoc-crm.org/cidoc-crm/P10i_contains""}]",
5756b2e9-b0cf-4163-9e11-eca79e9fe325,Quaternary,Primary,Current,,,,The last of the three periods of the Cenozoic Era. It is the period in which we live.,Full,Geological Period,-2580000,,,
5760ee14-083d-4030-b7af-f725811777a8,Early 1st Century,Primary,Current,Early 1st Century CE,Alternative,Current,The early part of the first century of the current calendar era (Anno Domini or Common Era) according to the Gregorian Calendar.,Full,Century,1,32,"[{""resourceId"": ""70f79d9f-8349-49fb-b95d-1b85ec7c6d35"", ""ontologyProperty"": ""http://www.cidoc-crm.org/cidoc-crm/P10_falls_within"", ""resourceXresourceId"": """", ""inverseOntologyProperty"": ""http://www.cidoc-crm.org/cidoc-crm/P10i_contains""}]",
57b29b51-a2d3-4119-91d7-5ed8dec95a16,Holocene,Primary,Current,,,,The second of the two epochs of the Quaternary Period. It is the epoch in which we live.,Full,Geological Period,-9800,,"[{""resourceId"": ""5756b2e9-b0cf-4163-9e11-eca79e9fe325"", ""ontologyProperty"": ""http://www.cidoc-crm.org/cidoc-crm/P10_falls_within"", ""resourceXresourceId"": """", ""inverseOntologyProperty"": ""http://www.cidoc-crm.org/cidoc-crm/P10i_contains""}]",
58848a42-129f-464a-b240-c3cbf0271777,Late 6th Century,Primary,Current,Late 6th Century CE,Alternative,Current,The latter part of the sixth century of the current calendar era (Anno Domini or Common Era) according to the Gregorian Calendar.,Full,Century,567,600,"[{""resourceId"": ""39f57091-7290-439d-8826-028bd9207192"", ""ontologyProperty"": ""http://www.cidoc-crm.org/cidoc-crm/P10_falls_within"", ""resourceXresourceId"": """", ""inverseOntologyProperty"": ""http://www.cidoc-crm.org/cidoc-crm/P10i_contains""}]",
58b75948-a3fc-4ce2-a008-0f36f423efd3,14th Century,Primary,Current,14th Century CE,Alternative,Current,The fourteenth century of the current calendar era (Anno Domini or Common Era) according to the Gregorian Calendar.,Full,Century,1301,1400,,
5a2a4a09-ca8e-4505-ba2e-3ca19a4f6764,21st Century,Primary,Current,21st Century CE,Alternative,Current,The twenty-first century of the current calendar era (Anno Domini or Common Era) according to the Gregorian Calendar.,Full,Century,2001,2100,,
662c51f7-d840-48d7-b976-dae5fdf82559,Second World War,Primary,Current,,,,"Used to record buildings, defensive monuments and sites dating to, and associated with, the Second World War. For other types of building, such as houses, built during this period use MID 20TH CENTURY.",Full,Historic Period,1939,1945,"[{""resourceId"": ""dce82930-30a2-4065-8d81-f7235aea1e0b"", ""ontologyProperty"": ""http://www.cidoc-crm.org/cidoc-crm/P10_falls_within"", ""resourceXresourceId"": """", ""inverseOntologyProperty"": ""http://www.cidoc-crm.org/cidoc-crm/P10i_contains""}]",
6777424a-c0f9-437a-b709-4f48bb4f4f4c,Medieval,Primary,Current,,,,The Medieval period or Middle Ages begins with the Norman invasion and ends with the dissolution of the monasteries.,Full,Historic Period,1066,1540,,
67838a45-61ef-4576-9de0-8b3489218c56,Early 14th Century,Primary,Current,Early 14th Century CE,Alternative,Current,The early part of the fourteenth century of the current calendar era (Anno Domini or Common Era) according to the Gregorian Calendar.,Full,Century,1301,1332,"[{""resourceId"": ""58b75948-a3fc-4ce2-a008-0f36f423efd3"", ""ontologyProperty"": ""http://www.cidoc-crm.org/cidoc-crm/P10_falls_within"", ""resourceXresourceId"": """", ""inverseOntologyProperty"": ""http://www.cidoc-crm.org/cidoc-crm/P10i_contains""}]",
6a783bff-6c1b-4789-8be0-74f7e181c29f,5th Century,Primary,Current,5th Century CE,Alternative,Current,The fifth century of the current calendar era (Anno Domini or Common Era) according to the Gregorian Calendar.,Full,Century,401,500,,
6ddce77d-6951-4c48-9d82-19bc0d3181c7,Ipswichian,Primary,Current,,,,"A Late Pleistocene stage in the British onshore Quaternary climatostratigraphic scheme. It is interpreted as a temporate (interglacial) interval, preceded by the Wolstonian and followed by the Devensian.",Full,Geological Period,-124000,-114000,"[{""resourceId"": ""d99d4891-9d5f-49f9-9fcb-ff5ce20a812a"", ""ontologyProperty"": ""http://www.cidoc-crm.org/cidoc-crm/P10_falls_within"", ""resourceXresourceId"": """", ""inverseOntologyProperty"": ""http://www.cidoc-crm.org/cidoc-crm/P10i_contains""}]",
6f1ea631-9542-413b-9493-35aca2baec95,Jacobean,Primary,Current,,,,Dating to the reign of James I of England (VI of Scotland).,Full,Political Period,1603,1625,"[{""resourceId"": ""4f853fb3-8a0d-487f-860d-80c540f85fd7"", ""ontologyProperty"": ""http://www.cidoc-crm.org/cidoc-crm/P10_falls_within"", ""resourceXresourceId"": """", ""inverseOntologyProperty"": ""http://www.cidoc-crm.org/cidoc-crm/P10i_contains""}]",
6f5cd5fb-85ff-4539-bb19-f055adc15da7,High Medieval,Primary,Current,,,,"The first subdivision of the Medieval period, from the Norman Conquest through to the death of the King John, the last ruler of the Angevin dynasty.",Full,Historic Period,1066,1216,"[{""resourceId"": ""6777424a-c0f9-437a-b709-4f48bb4f4f4c"", ""ontologyProperty"": ""http://www.cidoc-crm.org/cidoc-crm/P10_falls_within"", ""resourceXresourceId"": """", ""inverseOntologyProperty"": ""http://www.cidoc-crm.org/cidoc-crm/P10i_contains""}]",
6f97b2ca-3d60-40af-893e-bc645629e804,Mid 4th Century,Primary,Current,Mid 4th Century CE,Alternative,Current,The middle part of the fourth century of the current calendar era (Anno Domini or Common Era) according to the Gregorian Calendar.,Full,Century,333,366,"[{""resourceId"": ""94cb884b-c1e0-4d52-9dbc-9a47326abbac"", ""ontologyProperty"": ""http://www.cidoc-crm.org/cidoc-crm/P10_falls_within"", ""resourceXresourceId"": """", ""inverseOntologyProperty"": ""http://www.cidoc-crm.org/cidoc-crm/P10i_contains""}]",
70f79d9f-8349-49fb-b95d-1b85ec7c6d35,1st Century,Primary,Current,1st Century CE,Alternative,Current,The first century of the current calendar era (Anno Domini or Common Era) according to the Gregorian Calendar.,Full,Century,1,100,,
712671ef-d96a-4f73-b223-61127a66eadf,Early 7th Century,Primary,Current,Early 7th Century CE,Alternative,Current,The early part of the seventh century of the current calendar era (Anno Domini or Common Era) according to the Gregorian Calendar.,Full,Century,601,632,"[{""resourceId"": ""88aa090b-7607-4748-b4cc-4b0af60a4fad"", ""ontologyProperty"": ""http://www.cidoc-crm.org/cidoc-crm/P10_falls_within"", ""resourceXresourceId"": """", ""inverseOntologyProperty"": ""http://www.cidoc-crm.org/cidoc-crm/P10i_contains""}]",
769ddb69-38cf-4f2a-a0f7-84761bb56f34,Early 2nd Century,Primary,Current,Early 2nd Century CE,Alternative,Current,The early part of the second century of the current calendar era (Anno Domini or Common Era) according to the Gregorian Calendar.,Full,Century,101,132,"[{""resourceId"": ""b5b57de4-0a34-4c50-89a4-e65d582ddc39"", ""ontologyProperty"": ""http://www.cidoc-crm.org/cidoc-crm/P10_falls_within"", ""resourceXresourceId"": """", ""inverseOntologyProperty"": ""http://www.cidoc-crm.org/cidoc-crm/P10i_contains""}]",
779f2bba-192b-431b-9452-0992cba0e911,9th Century,Primary,Current,9th Century CE,Alternative,Current,The ninth century of the current calendar era (Anno Domini or Common Era) according to the Gregorian Calendar.,Full,Century,801,900,,
7a20c46e-a7ed-4920-905c-a2f4a5e43105,Mid 7th Century,Primary,Current,Mid 7th Century CE,Alternative,Current,The middle part of the seventh century of the current calendar era (Anno Domini or Common Era) according to the Gregorian Calendar.,Full,Century,633,666,"[{""resourceId"": ""88aa090b-7607-4748-b4cc-4b0af60a4fad"", ""ontologyProperty"": ""http://www.cidoc-crm.org/cidoc-crm/P10_falls_within"", ""resourceXresourceId"": """", ""inverseOntologyProperty"": ""http://www.cidoc-crm.org/cidoc-crm/P10i_contains""}]",
7b699488-b712-443b-b43f-23d47e5e773c,17th Century,Primary,Current,17th Century CE,Alternative,Current,The seventeenth century of the current calendar era (Anno Domini or Common Era) according to the Gregorian Calendar.,Full,Century,1601,1700,,
7e4a68cc-8ffe-4b53-81ff-45cc574ec5f5,11th Century,Primary,Current,11th Century CE,Alternative,Current,The eleventh century of the current calendar era (Anno Domini or Common Era) according to the Gregorian Calendar.,Full,Century,1001,1100,,
80329135-2e02-4bf9-92a2-592ba5ad2e79,Late Antique,Primary,Current,Sub-Roman,Former,Former,"The first subdivision of the Early Medieval period, approximately encompasing the period from the breakdown of Roman rule in Britain to the establishment of seven distinct kingdoms in what is now England, and the Christianisation of the kingdoms of Kent and Northumberland.",Full,Historic Period,410,650,"[{""resourceId"": ""f454d9df-142a-4cbe-8d5c-63ed1024dab0"", ""ontologyProperty"": ""http://www.cidoc-crm.org/cidoc-crm/P10_falls_within"", ""resourceXresourceId"": """", ""inverseOntologyProperty"": ""http://www.cidoc-crm.org/cidoc-crm/P10i_contains""}]",
8081bf4e-d2dc-4578-a9d3-69c38763e9fb,Early 9th Century,Primary,Current,Early 9th Century CE,Alternative,Current,The early part of the ninth century of the current calendar era (Anno Domini or Common Era) according to the Gregorian Calendar.,Full,Century,801,832,"[{""resourceId"": ""779f2bba-192b-431b-9452-0992cba0e911"", ""ontologyProperty"": ""http://www.cidoc-crm.org/cidoc-crm/P10_falls_within"", ""resourceXresourceId"": """", ""inverseOntologyProperty"": ""http://www.cidoc-crm.org/cidoc-crm/P10i_contains""}]",
826b0bd1-2a48-42ea-a231-f70c176e6f1d,Later Prehistoric,Primary,Current,,,,For monuments that can be identified only to a date range from Neolithic to Iron Age.,Full,Technological Period,-4000,43,"[{""resourceId"": ""3fb6c900-0dc9-4d9d-a11e-3a882a5dfa83"", ""ontologyProperty"": ""http://www.cidoc-crm.org/cidoc-crm/P10_falls_within"", ""resourceXresourceId"": """", ""inverseOntologyProperty"": ""http://www.cidoc-crm.org/cidoc-crm/P10i_contains""}]",
88aa090b-7607-4748-b4cc-4b0af60a4fad,7th Century,Primary,Current,7th Century CE,Alternative,Current,The seventh century of the current calendar era (Anno Domini or Common Era) according to the Gregorian Calendar.,Full,Century,601,700,,
897bb9c2-35e7-4e70-afb5-31ec148b38a2,Victorian,Primary,Current,,,,Dating to the reign of Queen Victoria.,Full,Political Period,1837,1901,"[{""resourceId"": ""132631f4-aeef-4877-ac78-337f357eb15a"", ""ontologyProperty"": ""http://www.cidoc-crm.org/cidoc-crm/P10_falls_within"", ""resourceXresourceId"": """", ""inverseOntologyProperty"": ""http://www.cidoc-crm.org/cidoc-crm/P10i_contains""}]",
8cbc2929-d88b-450d-b466-025485f17809,Mid 3rd Century,Primary,Current,Mid 3rd Century CE,Alternative,Current,The middle part of the third century of the current calendar era (Anno Domini or Common Era) according to the Gregorian Calendar.,Full,Century,233,266,"[{""resourceId"": ""0c1b2551-574e-4070-a023-069c297d1886"", ""ontologyProperty"": ""http://www.cidoc-crm.org/cidoc-crm/P10_falls_within"", ""resourceXresourceId"": """", ""inverseOntologyProperty"": ""http://www.cidoc-crm.org/cidoc-crm/P10i_contains""}]",
8d4b5ff6-81c3-4831-8df1-52520355adfc,The Anarchy,Primary,Current,,,,"A period of civil war in England, fought as a result of a succession crisis following the death of Henry I without a living, legitimate male heir. The war was fought between supporters of Henry's daughter (and named heir) Empress Matilda and his nephew Stephen of Blois. Use only to record buildings, defensive heritage assets and other resources associated with this conflict. For other assets dating to this period, use High Medieval.",Full,Historic Period,1135,1153,"[{""resourceId"": ""6777424a-c0f9-437a-b709-4f48bb4f4f4c"", ""ontologyProperty"": ""http://www.cidoc-crm.org/cidoc-crm/P10_falls_within"", ""resourceXresourceId"": """", ""inverseOntologyProperty"": ""http://www.cidoc-crm.org/cidoc-crm/P10i_contains""}]",
8e7d6441-51fb-4e7b-82e5-6f3c0f075eba,Early Mesolithic,Primary,Current,,,,"The earliest subdivision of the Mesolithic, or Middle Stone Age.",Full,Technological Period,-10000,-7000,"[{""resourceId"": ""19ad4fcb-df3e-4c51-9b95-7a5267fca4f4"", ""ontologyProperty"": ""http://www.cidoc-crm.org/cidoc-crm/P10_falls_within"", ""resourceXresourceId"": """", ""inverseOntologyProperty"": ""http://www.cidoc-crm.org/cidoc-crm/P10i_contains""}]",
8fc648c7-cc3a-429b-99ad-6dc5bfd03ac6,Lower Palaeolithic,Primary,Current,,,,"The earliest subdivision of the Palaeolithic, or Old Stone Age; when the earliest use of flint tools appears in the current archaeological record. A hunter gatherer society is a defining characteristic.",Full,Technological Period,-1000000,-150000,"[{""resourceId"": ""509fc0ea-c0c5-41f6-844f-465f89cbed1b"", ""ontologyProperty"": ""http://www.cidoc-crm.org/cidoc-crm/P10_falls_within"", ""resourceXresourceId"": """", ""inverseOntologyProperty"": ""http://www.cidoc-crm.org/cidoc-crm/P10i_contains""}]",
90282e37-8efb-404d-949d-c2771d170c5f,Late 2nd Century,Primary,Current,Late 2nd Century CE,Alternative,Current,The latter part of the second century of the current calendar era (Anno Domini or Common Era) according to the Gregorian Calendar.,Full,Century,167,200,"[{""resourceId"": ""b5b57de4-0a34-4c50-89a4-e65d582ddc39"", ""ontologyProperty"": ""http://www.cidoc-crm.org/cidoc-crm/P10_falls_within"", ""resourceXresourceId"": """", ""inverseOntologyProperty"": ""http://www.cidoc-crm.org/cidoc-crm/P10i_contains""}]",
91537cf9-ef67-4dd3-960c-f2419504c356,Pre-Conquest,Primary,Current,Late Anglo-Saxon,Alternative,Current,"The third and final subdivision of the Early Medieval period, approximately encompassing the gradual formation of a unified kingdom of England, the Danish conquests by Swein Forkbeard and Cnut, and ending with the Norman Conquest of 1066.",Full,Historic Period,900,1066,"[{""resourceId"": ""f454d9df-142a-4cbe-8d5c-63ed1024dab0"", ""ontologyProperty"": ""http://www.cidoc-crm.org/cidoc-crm/P10_falls_within"", ""resourceXresourceId"": """", ""inverseOntologyProperty"": ""http://www.cidoc-crm.org/cidoc-crm/P10i_contains""}]",
92a8911e-c85f-4e85-a20d-bb3c5f89ef98,Mid 17th Century,Primary,Current,Mid 17th Century CE,Alternative,Current,The middle part of the seventeenth century of the current calendar era (Anno Domini or Common Era) according to the Gregorian Calendar.,Full,Century,1633,1666,"[{""resourceId"": ""7b699488-b712-443b-b43f-23d47e5e773c"", ""ontologyProperty"": ""http://www.cidoc-crm.org/cidoc-crm/P10_falls_within"", ""resourceXresourceId"": """", ""inverseOntologyProperty"": ""http://www.cidoc-crm.org/cidoc-crm/P10i_contains""}]",
92f9a6ea-a860-4b7f-b9d1-74effebb6f5a,Early Neolithic,Primary,Current,,,,"The earliest subdivision of the Neolithic, or New Stone Age.",Full,Technological Period,-4000,-3300,"[{""resourceId"": ""1f0dffe8-0ac9-43ee-963f-16e4fbe401a5"", ""ontologyProperty"": ""http://www.cidoc-crm.org/cidoc-crm/P10_falls_within"", ""resourceXresourceId"": """", ""inverseOntologyProperty"": ""http://www.cidoc-crm.org/cidoc-crm/P10i_contains""}]",
94cb884b-c1e0-4d52-9dbc-9a47326abbac,4th Century,Primary,Current,4th Century CE,Alternative,Current,The fourth century of the current calendar era (Anno Domini or Common Era) according to the Gregorian Calendar.,Full,Century,301,400,,
951df501-fa20-416e-869f-458ed9c79d32,15th Century,Primary,Current,15th Century CE,Alternative,Current,The fifteenth century of the current calendar era (Anno Domini or Common Era) according to the Gregorian Calendar.,Full,Century,1401,1500,,
95c9cf54-d6f3-400c-8211-761817771ff1,Early Iron Age,Primary,Current,,,,The earliest subdivision of the Iron Age.,Full,Technological Period,-800,-300,"[{""resourceId"": ""d0338a80-3a6e-429f-b02c-e8c2cbebe669"", ""ontologyProperty"": ""http://www.cidoc-crm.org/cidoc-crm/P10_falls_within"", ""resourceXresourceId"": """", ""inverseOntologyProperty"": ""http://www.cidoc-crm.org/cidoc-crm/P10i_contains""}]",
972759f7-7c81-4ea6-bbfa-a76f8a955d25,19th Century,Primary,Current,19th Century CE,Alternative,Current,The nineteenth century of the current calendar era (Anno Domini or Common Era) according to the Gregorian Calendar.,Full,Century,1801,1900,,
98326e9a-4b4d-47d6-b022-c517af1a97d3,Late 3rd Century,Primary,Current,Late 3rd Century CE,Alternative,Current,The latter part of the third century of the current calendar era (Anno Domini or Common Era) according to the Gregorian Calendar.,Full,Century,267,300,"[{""resourceId"": ""0c1b2551-574e-4070-a023-069c297d1886"", ""ontologyProperty"": ""http://www.cidoc-crm.org/cidoc-crm/P10_falls_within"", ""resourceXresourceId"": """", ""inverseOntologyProperty"": ""http://www.cidoc-crm.org/cidoc-crm/P10i_contains""}]",
98793858-d8ba-4cc3-a218-f3aaa0a0eb9e,Middle Bronze Age,Primary,Current,,,,The second subdivision of the Bronze Age.,Full,Technological Period,-1600,-1200,"[{""resourceId"": ""2932661b-0748-40ee-9d20-7a9a44e7da59"", ""ontologyProperty"": ""http://www.cidoc-crm.org/cidoc-crm/P10_falls_within"", ""resourceXresourceId"": """", ""inverseOntologyProperty"": ""http://www.cidoc-crm.org/cidoc-crm/P10i_contains""}]",
9e59d543-6948-4246-b28c-3aa222d8ba4d,Late 4th Century,Primary,Current,Late 4th Century CE,Alternative,Current,The latter part of the fourth century of the current calendar era (Anno Domini or Common Era) according to the Gregorian Calendar.,Full,Century,367,400,"[{""resourceId"": ""94cb884b-c1e0-4d52-9dbc-9a47326abbac"", ""ontologyProperty"": ""http://www.cidoc-crm.org/cidoc-crm/P10_falls_within"", ""resourceXresourceId"": """", ""inverseOntologyProperty"": ""http://www.cidoc-crm.org/cidoc-crm/P10i_contains""}]",
a0c82345-8392-4a8c-9ffe-acbf0a977081,Late 5th Century,Primary,Current,Late 5th Century CE,Alternative,Current,The latter part of the fifth century of the current calendar era (Anno Domini or Common Era) according to the Gregorian Calendar.,Full,Century,467,500,"[{""resourceId"": ""6a783bff-6c1b-4789-8be0-74f7e181c29f"", ""ontologyProperty"": ""http://www.cidoc-crm.org/cidoc-crm/P10_falls_within"", ""resourceXresourceId"": """", ""inverseOntologyProperty"": ""http://www.cidoc-crm.org/cidoc-crm/P10i_contains""}]",
a3ef20af-de1a-4724-9ac3-a9ba3d631ca3,Early 11th Century,Primary,Current,Early 11th Century CE,Alternative,Current,The early part of the eleventh century of the current calendar era (Anno Domini or Common Era) according to the Gregorian Calendar.,Full,Century,1001,1032,"[{""resourceId"": ""7e4a68cc-8ffe-4b53-81ff-45cc574ec5f5"", ""ontologyProperty"": ""http://www.cidoc-crm.org/cidoc-crm/P10_falls_within"", ""resourceXresourceId"": """", ""inverseOntologyProperty"": ""http://www.cidoc-crm.org/cidoc-crm/P10i_contains""}]",
a4364e70-4542-4ff9-8c8d-4b6101495323,Mid 20th Century,Primary,Current,Mid 20th Century CE,Alternative,Current,The middle part of the twentieth century of the current calendar era (Anno Domini or Common Era) according to the Gregorian Calendar.,Full,Century,1933,1966,"[{""resourceId"": ""dce82930-30a2-4065-8d81-f7235aea1e0b"", ""ontologyProperty"": ""http://www.cidoc-crm.org/cidoc-crm/P10_falls_within"", ""resourceXresourceId"": """", ""inverseOntologyProperty"": ""http://www.cidoc-crm.org/cidoc-crm/P10i_contains""}]",
a449584a-4a66-4f92-8e6b-4d71257ccb6f,Interregnum,Primary,Current,,,,"The period during which England and Wales, and later Scotland and Ireland, were governed as a republic known as the Commonwealth. From 1649-1653 the Commonwealth was governed by a Council of State and successive Parliaments. From 1653 Oliver Cromwell was made head of state, with the title of Lord Protector. Cromwell died and was succeeded by his son Richard in 1658, but he was unable to maintain political stability and lost power in 1659. In 1660 King Charles II was restored to the throne and the monarchy reestablished.",Full,Political Period,1649,1660,"[{""resourceId"": ""b06f958e-34b1-4973-bb22-fda5d6903533"", ""ontologyProperty"": ""http://www.cidoc-crm.org/cidoc-crm/P10_falls_within"", ""resourceXresourceId"": """", ""inverseOntologyProperty"": ""http://www.cidoc-crm.org/cidoc-crm/P10i_contains""}]",
a4e8a603-c7f4-46e8-a5d9-f07f6739029b,Late 19th Century,Primary,Current,Late 19th Century CE,Alternative,Current,The latter part of the nineteenth century of the current calendar era (Anno Domini or Common Era) according to the Gregorian Calendar.,Full,Century,1867,1900,"[{""resourceId"": ""972759f7-7c81-4ea6-bbfa-a76f8a955d25"", ""ontologyProperty"": ""http://www.cidoc-crm.org/cidoc-crm/P10_falls_within"", ""resourceXresourceId"": """", ""inverseOntologyProperty"": ""http://www.cidoc-crm.org/cidoc-crm/P10i_contains""}]",
ab20a404-f0b3-4e32-bdea-3e3ea2e94e77,Mid 18th Century,Primary,Current,Mid 18th Century CE,Alternative,Current,The middle part of the eighteenth century of the current calendar era (Anno Domini or Common Era) according to the Gregorian Calendar.,Full,Century,1733,1766,"[{""resourceId"": ""d0208e63-236b-46ba-882d-4780381db674"", ""ontologyProperty"": ""http://www.cidoc-crm.org/cidoc-crm/P10_falls_within"", ""resourceXresourceId"": """", ""inverseOntologyProperty"": ""http://www.cidoc-crm.org/cidoc-crm/P10i_contains""}]",
abe624ea-ebb7-4d67-a32f-8e4aebc0b434,Late 11th Century,Primary,Current,Late 11th Century CE,Alternative,Current,The latter part of the eleventh century of the current calendar era (Anno Domini or Common Era) according to the Gregorian Calendar.,Full,Century,1067,1100,"[{""resourceId"": ""7e4a68cc-8ffe-4b53-81ff-45cc574ec5f5"", ""ontologyProperty"": ""http://www.cidoc-crm.org/cidoc-crm/P10_falls_within"", ""resourceXresourceId"": """", ""inverseOntologyProperty"": ""http://www.cidoc-crm.org/cidoc-crm/P10i_contains""}]",
ace0ce87-c929-496e-89fa-e4d8993bd51c,Late 12th Century,Primary,Current,Late 12th Century CE,Alternative,Current,The latter part of the twelfth century of the current calendar era (Anno Domini or Common Era) according to the Gregorian Calendar.,Full,Century,1167,1200,"[{""resourceId"": ""bb53e174-5079-4c39-81f7-d2d64dd4408b"", ""ontologyProperty"": ""http://www.cidoc-crm.org/cidoc-crm/P10_falls_within"", ""resourceXresourceId"": """", ""inverseOntologyProperty"": ""http://www.cidoc-crm.org/cidoc-crm/P10i_contains""}]",
adf9023c-f8da-4806-8611-ca9fe9b06562,Early 19th Century,Primary,Current,Early 19th Century CE,Alternative,Current,The early part of the nineteenth century of the current calendar era (Anno Domini or Common Era) according to the Gregorian Calendar.,Full,Century,1801,1832,"[{""resourceId"": ""972759f7-7c81-4ea6-bbfa-a76f8a955d25"", ""ontologyProperty"": ""http://www.cidoc-crm.org/cidoc-crm/P10_falls_within"", ""resourceXresourceId"": """", ""inverseOntologyProperty"": ""http://www.cidoc-crm.org/cidoc-crm/P10i_contains""}]",
ae7ae580-eff9-4856-9846-587f50fc8b2e,Late 9th Century,Primary,Current,Late 9th Century CE,Alternative,Current,The latter part of the ninth century of the current calendar era (Anno Domini or Common Era) according to the Gregorian Calendar.,Full,Century,867,900,"[{""resourceId"": ""779f2bba-192b-431b-9452-0992cba0e911"", ""ontologyProperty"": ""http://www.cidoc-crm.org/cidoc-crm/P10_falls_within"", ""resourceXresourceId"": """", ""inverseOntologyProperty"": ""http://www.cidoc-crm.org/cidoc-crm/P10i_contains""}]",
b06f958e-34b1-4973-bb22-fda5d6903533,Tudor,Primary,Current,,,,Dating to the reign of the Tudor monarchs.,Full,Political Period,1485,1603,"[{""resourceId"": ""6777424a-c0f9-437a-b709-4f48bb4f4f4c"", ""ontologyProperty"": ""http://www.cidoc-crm.org/cidoc-crm/P10_falls_within"", ""resourceXresourceId"": """", ""inverseOntologyProperty"": ""http://www.cidoc-crm.org/cidoc-crm/P10i_contains""},{""resourceId"": ""132631f4-aeef-4877-ac78-337f357eb15a"", ""ontologyProperty"": ""http://www.cidoc-crm.org/cidoc-crm/P10_falls_within"", ""resourceXresourceId"": """", ""inverseOntologyProperty"": ""http://www.cidoc-crm.org/cidoc-crm/P10i_contains""}]",
b1dbf30c-5652-4cf9-aaab-8caa13e4b3e1,Cold War,Primary,Current,,,,"The period of political and military opposition between the major Superpowers (USA and USSR) and their allies. Known as the Cold War as there were no direct military conflicts between the two main protagonists. Use to record buildings, defensive monuments and sites dating to, and associated with, the Cold War - otherwise, use Mid or Late 20th Century.",Full,Historic Period,1946,1991,"[{""resourceId"": ""dce82930-30a2-4065-8d81-f7235aea1e0b"", ""ontologyProperty"": ""http://www.cidoc-crm.org/cidoc-crm/P10_falls_within"", ""resourceXresourceId"": """", ""inverseOntologyProperty"": ""http://www.cidoc-crm.org/cidoc-crm/P10i_contains""}]",
b21d5dc8-78f4-4483-92f8-4bf390f0136a,Caroline,Primary,Current,,,,Dating to the reign of Charles I of England.,Full,Political Period,1625,1649,"[{""resourceId"": ""4f853fb3-8a0d-487f-860d-80c540f85fd7"", ""ontologyProperty"": ""http://www.cidoc-crm.org/cidoc-crm/P10_falls_within"", ""resourceXresourceId"": """", ""inverseOntologyProperty"": ""http://www.cidoc-crm.org/cidoc-crm/P10i_contains""}]",
b23fca5b-484a-4225-bdb0-596e2bcb2f3f,Late 1st Century,Primary,Current,Late 1st Cetury CE,Alternative,Current,The latter part of the first century of the current calendar era (Anno Domini or Common Era) according to the Gregorian Calendar.,Full,Century,67,100,"[{""resourceId"": ""70f79d9f-8349-49fb-b95d-1b85ec7c6d35"", ""ontologyProperty"": ""http://www.cidoc-crm.org/cidoc-crm/P10_falls_within"", ""resourceXresourceId"": """", ""inverseOntologyProperty"": ""http://www.cidoc-crm.org/cidoc-crm/P10i_contains""}]",
b27f0861-aafa-4461-aa15-72a9d0a35b5f,Interwar,Primary,Current,,,,"Relating to the period between the First World War and Second World War in Britain, and in particular the rapid expansion of housing and the development of suburbs. To be used only in reference to Heritage Assets or other resources which are explicitly described as being characteristic of the Interwar period, particularly with regard to housing and suburban expansion. Otherwise, use Early 20th Century or Mid 20th Century.",Full,Historic Period,1918,1939,"[{""resourceId"": ""dce82930-30a2-4065-8d81-f7235aea1e0b"", ""ontologyProperty"": ""http://www.cidoc-crm.org/cidoc-crm/P10_falls_within"", ""resourceXresourceId"": """", ""inverseOntologyProperty"": ""http://www.cidoc-crm.org/cidoc-crm/P10i_contains""}]",
b35dcc66-7e1a-48e6-a08d-42168044b6b8,Early Bronze Age,Primary,Current,,,,The earliest subdivision of the Bronze Age.,Full,Technological Period,-2600,-1600,"[{""resourceId"": ""2932661b-0748-40ee-9d20-7a9a44e7da59"", ""ontologyProperty"": ""http://www.cidoc-crm.org/cidoc-crm/P10_falls_within"", ""resourceXresourceId"": """", ""inverseOntologyProperty"": ""http://www.cidoc-crm.org/cidoc-crm/P10i_contains""}]",
b5b57de4-0a34-4c50-89a4-e65d582ddc39,2nd Century,Primary,Current,2nd Century CE,Alternative,Current,The second century of the current calendar era (Anno Domini or Common Era) according to the Gregorian Calendar.,Full,Century,101,200,,
bb53e174-5079-4c39-81f7-d2d64dd4408b,12th Century,Primary,Current,12th Century CE,Alternative,Current,The twelfth century of the current calendar era (Anno Domini or Common Era) according to the Gregorian Calendar.,Full,Century,1101,1200,,
bbecdd5e-340a-4e47-afb4-abe4c0635c41,Mid 15th Century,Primary,Current,Mid 15th Century CE,Alternative,Current,The middle part of the fifteenth century of the current calendar era (Anno Domini or Common Era) according to the Gregorian Calendar.,Full,Century,1433,1466,"[{""resourceId"": ""951df501-fa20-416e-869f-458ed9c79d32"", ""ontologyProperty"": ""http://www.cidoc-crm.org/cidoc-crm/P10_falls_within"", ""resourceXresourceId"": """", ""inverseOntologyProperty"": ""http://www.cidoc-crm.org/cidoc-crm/P10i_contains""}]",
c0ce06fe-6c0b-416a-b525-23d6ec26c864,Early 6th Century,Primary,Current,Early 6th Century CE,Alternative,Current,The early part of the sixth century of the current calendar era (Anno Domini or Common Era) according to the Gregorian Calendar.,Full,Century,501,532,"[{""resourceId"": ""39f57091-7290-439d-8826-028bd9207192"", ""ontologyProperty"": ""http://www.cidoc-crm.org/cidoc-crm/P10_falls_within"", ""resourceXresourceId"": """", ""inverseOntologyProperty"": ""http://www.cidoc-crm.org/cidoc-crm/P10i_contains""}]",
c1248d88-34ff-4403-8e36-24123d14ee1a,Early 5th Century,Primary,Current,Early 5th Century CE,Alternative,Current,The early part of the fifth century of the current calendar era (Anno Domini or Common Era) according to the Gregorian Calendar.,Full,Century,401,432,"[{""resourceId"": ""6a783bff-6c1b-4789-8be0-74f7e181c29f"", ""ontologyProperty"": ""http://www.cidoc-crm.org/cidoc-crm/P10_falls_within"", ""resourceXresourceId"": """", ""inverseOntologyProperty"": ""http://www.cidoc-crm.org/cidoc-crm/P10i_contains""}]",
c2d20af4-020e-40a7-9321-b057bd405a0a,Regency,Primary,Current,,,,"While the Regency period technically only refers to the years 1811-1820, during which Prince George (later George IV) ruled as Prince Regent due to his father George III's declining health, the term is used more broadly in architecture, art and fashion to refer to the period from the latter part of George III's reign to the end of the Georgian/Hanoverian period. Use only for Heritage Assets or resources that are specifically referred to as being 'Regency' in character - for the broader time period, use Georgian.",Full,Political Period,1795,1837,"[{""resourceId"": ""d346baf3-76a8-4b3e-9c65-bdfa538f0a37"", ""ontologyProperty"": ""http://www.cidoc-crm.org/cidoc-crm/P10_falls_within"", ""resourceXresourceId"": """", ""inverseOntologyProperty"": ""http://www.cidoc-crm.org/cidoc-crm/P10i_contains""}]",
c464208a-6079-4f90-8d9f-df650f35af1a,Mid 11th Century,Primary,Current,Mid 11th Century CE,Alternative,Current,The middle part of the eleventh century of the current calendar era (Anno Domini or Common Era) according to the Gregorian Calendar.,Full,Century,1033,1066,"[{""resourceId"": ""7e4a68cc-8ffe-4b53-81ff-45cc574ec5f5"", ""ontologyProperty"": ""http://www.cidoc-crm.org/cidoc-crm/P10_falls_within"", ""resourceXresourceId"": """", ""inverseOntologyProperty"": ""http://www.cidoc-crm.org/cidoc-crm/P10i_contains""}]",
c5a3406e-1854-4a08-af2c-a63607a4c035,Mid 5th Century,Primary,Current,Mid 5th Century CE,Alternative,Current,The middle part of the fifth century of the current calendar era (Anno Domini or Common Era) according to the Gregorian Calendar.,Full,Century,433,466,"[{""resourceId"": ""6a783bff-6c1b-4789-8be0-74f7e181c29f"", ""ontologyProperty"": ""http://www.cidoc-crm.org/cidoc-crm/P10_falls_within"", ""resourceXresourceId"": """", ""inverseOntologyProperty"": ""http://www.cidoc-crm.org/cidoc-crm/P10i_contains""}]",
c657a510-0bf1-4d10-a463-88a81674f200,Early Prehistoric,Primary,Current,,,,For monuments which are characteristic of the Palaeolithic to Mesolithic but cannot be specifically assigned.,Full,Technological Period,-1000000,-4000,"[{""resourceId"": ""3fb6c900-0dc9-4d9d-a11e-3a882a5dfa83"", ""ontologyProperty"": ""http://www.cidoc-crm.org/cidoc-crm/P10_falls_within"", ""resourceXresourceId"": """", ""inverseOntologyProperty"": ""http://www.cidoc-crm.org/cidoc-crm/P10i_contains""}]",
c971118f-b675-4885-a861-740cce4579c8,Early 8th Century,Primary,Current,Early 8th Century CE,Alternative,Current,The early part of the eighth century of the current calendar era (Anno Domini or Common Era) according to the Gregorian Calendar.,Full,Century,701,732,"[{""resourceId"": ""d60dff61-8e36-4408-836e-aa4beea47919"", ""ontologyProperty"": ""http://www.cidoc-crm.org/cidoc-crm/P10_falls_within"", ""resourceXresourceId"": """", ""inverseOntologyProperty"": ""http://www.cidoc-crm.org/cidoc-crm/P10i_contains""}]",
ca6c6ece-4420-4166-8357-1871922e2e75,Late Mesolithic,Primary,Current,,,,"The latest subdivision of the Mesolithic, or Middle Stone Age.",Full,Technological Period,-7000,-4000,"[{""resourceId"": ""19ad4fcb-df3e-4c51-9b95-7a5267fca4f4"", ""ontologyProperty"": ""http://www.cidoc-crm.org/cidoc-crm/P10_falls_within"", ""resourceXresourceId"": """", ""inverseOntologyProperty"": ""http://www.cidoc-crm.org/cidoc-crm/P10i_contains""}]",
ca93c14e-3053-4cd4-bed1-d2b7e344dc18,Mid 12th Century,Primary,Current,Mid 12th Century CE,Alternative,Current,The middle part of the twelfth century of the current calendar era (Anno Domini or Common Era) according to the Gregorian Calendar.,Full,Century,1133,1166,"[{""resourceId"": ""bb53e174-5079-4c39-81f7-d2d64dd4408b"", ""ontologyProperty"": ""http://www.cidoc-crm.org/cidoc-crm/P10_falls_within"", ""resourceXresourceId"": """", ""inverseOntologyProperty"": ""http://www.cidoc-crm.org/cidoc-crm/P10i_contains""}]",
cafbda38-cc1e-4739-81a6-7f83320aedfd,Late Medieval,Primary,Current,,,,"The second subdivision of the Medieval period, from the accession of Henry III and the start of the Plantagenet dynasty to the death of Richard III at the Battle of Bosworth Field and the beginning of the Tudor dynasty under Henry VII.",Full,Historic Period,1216,1485,"[{""resourceId"": ""6777424a-c0f9-437a-b709-4f48bb4f4f4c"", ""ontologyProperty"": ""http://www.cidoc-crm.org/cidoc-crm/P10_falls_within"", ""resourceXresourceId"": """", ""inverseOntologyProperty"": ""http://www.cidoc-crm.org/cidoc-crm/P10i_contains""}]",
cbc16260-cc04-44c6-a766-100d14e71659,10th Century,Primary,Current,10th Century CE,Alternative,Current,The tenth century of the current calendar era (Anno Domini or Common Era) according to the Gregorian Calendar.,Full,Century,901,1000,,
cd118674-b804-44c4-b83a-150b1f86cb37,Mid 13th Century,Primary,Current,Mid 13th Century CE,Alternative,Current,The middle part of the thirteenth century of the current calendar era (Anno Domini or Common Era) according to the Gregorian Calendar.,Full,Century,1233,1266,"[{""resourceId"": ""e6bb2f0e-2bdf-408d-bd79-89e3c2aece1e"", ""ontologyProperty"": ""http://www.cidoc-crm.org/cidoc-crm/P10_falls_within"", ""resourceXresourceId"": """", ""inverseOntologyProperty"": ""http://www.cidoc-crm.org/cidoc-crm/P10i_contains""}]",
ce69b6ce-038a-4b9b-876b-4c024bac29b1,Early Pleistocene,Primary,Current,,,,The first of three subdivisions of the Pleistocene Epoch.,Full,Geological Period,-2580000,-779000,"[{""resourceId"": ""ee796633-6926-41de-98b4-06e098ee9830"", ""ontologyProperty"": ""http://www.cidoc-crm.org/cidoc-crm/P10_falls_within"", ""resourceXresourceId"": """", ""inverseOntologyProperty"": ""http://www.cidoc-crm.org/cidoc-crm/P10i_contains""}]",
cfc34f77-d909-4dac-8a72-b7f0e37c209b,Late Neolithic,Primary,Current,,,,"The third and latest subdivision of the Neolithic, or New Stone Age.",Full,Technological Period,-2900,-2200,"[{""resourceId"": ""1f0dffe8-0ac9-43ee-963f-16e4fbe401a5"", ""ontologyProperty"": ""http://www.cidoc-crm.org/cidoc-crm/P10_falls_within"", ""resourceXresourceId"": """", ""inverseOntologyProperty"": ""http://www.cidoc-crm.org/cidoc-crm/P10i_contains""}]",
cfd7894a-b8a7-4f1e-8853-4b2d6d292efa,Late 7th Century,Primary,Current,Late 7th Century CE,Alternative,Current,The latter part of the seventh century of the current calendar era (Anno Domini or Common Era) according to the Gregorian Calendar.,Full,Century,667,700,"[{""resourceId"": ""88aa090b-7607-4748-b4cc-4b0af60a4fad"", ""ontologyProperty"": ""http://www.cidoc-crm.org/cidoc-crm/P10_falls_within"", ""resourceXresourceId"": """", ""inverseOntologyProperty"": ""http://www.cidoc-crm.org/cidoc-crm/P10i_contains""}]",
d0208e63-236b-46ba-882d-4780381db674,18th Century,Primary,Current,18th Century CE,Alternative,Current,The eighteenth century of the current calendar era (Anno Domini or Common Era) according to the Gregorian Calendar.,Full,Century,1701,1800,,
d0338a80-3a6e-429f-b02c-e8c2cbebe669,Iron Age,Primary,Current,,,,This period follows on from the Bronze Age and is characterized by the use of iron for making tools and monuments such as hillforts and oppida. The Iron Age is taken to end with the Roman invasion.,Full,Technological Period,-800,43,"[{""resourceId"": ""826b0bd1-2a48-42ea-a231-f70c176e6f1d"", ""ontologyProperty"": ""http://www.cidoc-crm.org/cidoc-crm/P10_falls_within"", ""resourceXresourceId"": """", ""inverseOntologyProperty"": ""http://www.cidoc-crm.org/cidoc-crm/P10i_contains""}]",
d0e92c64-8e5d-4cee-867c-32b8b9c03ae8,Late Bronze Age,Primary,Current,,,,The third and latest subdivision of the Bronze Age.,Full,Technological Period,-1200,-700,"[{""resourceId"": ""2932661b-0748-40ee-9d20-7a9a44e7da59"", ""ontologyProperty"": ""http://www.cidoc-crm.org/cidoc-crm/P10_falls_within"", ""resourceXresourceId"": """", ""inverseOntologyProperty"": ""http://www.cidoc-crm.org/cidoc-crm/P10i_contains""}]",
d346baf3-76a8-4b3e-9c65-bdfa538f0a37,Georgian,Primary,Current,Hanoverian,Alternative,Current,"Dating to or characteristic of the reigns of any of the first four kings of Great Britain called George. The period is often extended to include the short reign of William IV (1830-1837), although this extended definition can also be referred to as 'Hanoverian'.",Full,Political Period,1714,1837,"[{""resourceId"": ""132631f4-aeef-4877-ac78-337f357eb15a"", ""ontologyProperty"": ""http://www.cidoc-crm.org/cidoc-crm/P10_falls_within"", ""resourceXresourceId"": """", ""inverseOntologyProperty"": ""http://www.cidoc-crm.org/cidoc-crm/P10i_contains""}]",
d60dff61-8e36-4408-836e-aa4beea47919,8th Century,Primary,Current,8th Century CE,Alternative,Current,The eighth century of the current calendar era (Anno Domini or Common Era) according to the Gregorian Calendar.,Full,Century,701,800,,
d7692fb9-e860-46d2-acfb-4aeb3af0f4fb,Uncertain,Primary,Current,,,,Catch all for uncertain period allocations,Full,Historic Period,,,,
d92490dc-e564-461d-85ce-41a6f9571c2a,Early 12th Century,Primary,Current,Early 12th Century CE,Alternative,Current,The early part of the twelfth century of the current calendar era (Anno Domini or Common Era) according to the Gregorian Calendar.,Full,Century,1101,1132,"[{""resourceId"": ""bb53e174-5079-4c39-81f7-d2d64dd4408b"", ""ontologyProperty"": ""http://www.cidoc-crm.org/cidoc-crm/P10_falls_within"", ""resourceXresourceId"": """", ""inverseOntologyProperty"": ""http://www.cidoc-crm.org/cidoc-crm/P10i_contains""}]",
d99d4891-9d5f-49f9-9fcb-ff5ce20a812a,Late Pleistocene,Primary,Current,,,,The last of three subdivisions of the Pleistocene Epoch.,Full,Geological Period,-124000,-9800,"[{""resourceId"": ""ee796633-6926-41de-98b4-06e098ee9830"", ""ontologyProperty"": ""http://www.cidoc-crm.org/cidoc-crm/P10_falls_within"", ""resourceXresourceId"": """", ""inverseOntologyProperty"": ""http://www.cidoc-crm.org/cidoc-crm/P10i_contains""}]",
da8f772b-55c5-4fd1-9d1f-9734848de04e,Early 17th Century,Primary,Current,Early 17th Century CE,Alternative,Current,The early part of the seventeenth century of the current calendar era (Anno Domini or Common Era) according to the Gregorian Calendar.,Full,Century,1601,1632,"[{""resourceId"": ""7b699488-b712-443b-b43f-23d47e5e773c"", ""ontologyProperty"": ""http://www.cidoc-crm.org/cidoc-crm/P10_falls_within"", ""resourceXresourceId"": """", ""inverseOntologyProperty"": ""http://www.cidoc-crm.org/cidoc-crm/P10i_contains""}]",
da9c8337-ca1b-4217-9982-9e7e48b583e8,Roman Conquest of Britain,Primary,Current,,,,"The period encompassing the military campaigns which together comprised the Roman Conquest of Britain, beginning in 43 AD under the Emperor Claudius with the invasion led by Aulus Plautius against the Catuvellauni, and ending with the formal establishment of Britannia's northern border along the Stanegate road between Corbridge and Carlisle in 87 AD. Use only for Heritage Assets directly related to this military campaign.",Full,Historic Period,43,87,"[{""resourceId"": ""17a25c50-799d-4ea7-bd0f-0994e30c1f63"", ""ontologyProperty"": ""http://www.cidoc-crm.org/cidoc-crm/P10_falls_within"", ""resourceXresourceId"": """", ""inverseOntologyProperty"": ""http://www.cidoc-crm.org/cidoc-crm/P10i_contains""}]",
dc3e8669-b6f4-4c15-a61e-2afb2514de16,Upper Palaeolithic,Primary,Current,,,,The third and last subdivision of the Palaeolithic or Old Stone Age; characterized by the development of projectile points made from bony materials and the development of fine blade flint tools.,Full,Technological Period,-40000,-10000,"[{""resourceId"": ""509fc0ea-c0c5-41f6-844f-465f89cbed1b"", ""ontologyProperty"": ""http://www.cidoc-crm.org/cidoc-crm/P10_falls_within"", ""resourceXresourceId"": """", ""inverseOntologyProperty"": ""http://www.cidoc-crm.org/cidoc-crm/P10i_contains""}]",
dce82930-30a2-4065-8d81-f7235aea1e0b,20th Century,Primary,Current,20th Century CE,Alternative,Current,The twentieth century of the current calendar era (Anno Domini or Common Era) according to the Gregorian Calendar. Previously recorded as 'Modern'.,Full,Century,1901,2000,,
dd9d241b-55ff-4016-9407-7ab5882e81ae,Mid 6th Century,Primary,Current,Mid 6th Century CE,Alternative,Current,The middle part of the sixth century of the current calendar era (Anno Domini or Common Era) according to the Gregorian Calendar.,Full,Century,533,566,"[{""resourceId"": ""39f57091-7290-439d-8826-028bd9207192"", ""ontologyProperty"": ""http://www.cidoc-crm.org/cidoc-crm/P10_falls_within"", ""resourceXresourceId"": """", ""inverseOntologyProperty"": ""http://www.cidoc-crm.org/cidoc-crm/P10i_contains""}]",
ddd503bf-2ef2-4076-829d-583aa5fc7f7c,First World War,Primary,Current,,,,"Used to record buildings, defensive monuments and sites dating to, and associated with, the First World War. For other types of building, such as houses, built during this period use EARLY 20TH CENTURY.",Full,Historic Period,1914,1918,"[{""resourceId"": ""dce82930-30a2-4065-8d81-f7235aea1e0b"", ""ontologyProperty"": ""http://www.cidoc-crm.org/cidoc-crm/P10_falls_within"", ""resourceXresourceId"": """", ""inverseOntologyProperty"": ""http://www.cidoc-crm.org/cidoc-crm/P10i_contains""}]",
de51e748-d4da-4a00-ac84-0f94b4617eee,Early 4th Century,Primary,Current,Early 4th Century CE,Alternative,Current,The early part of the fourth century of the current calendar era (Anno Domini or Common Era) according to the Gregorian Calendar.,Full,Century,301,332,"[{""resourceId"": ""94cb884b-c1e0-4d52-9dbc-9a47326abbac"", ""ontologyProperty"": ""http://www.cidoc-crm.org/cidoc-crm/P10_falls_within"", ""resourceXresourceId"": """", ""inverseOntologyProperty"": ""http://www.cidoc-crm.org/cidoc-crm/P10i_contains""}]",
e2af9629-b5fd-4393-a9c3-1f4d1745405d,Beestonian,Primary,Current,,,,"An Early Pleistocene stage in the British onshore Quaternary climatostratigraphic scheme. It is interpreted as a cold (glacial) interval, followed by the Cromerian.",Full,Geological Period,-1780000,-860000,"[{""resourceId"": ""ce69b6ce-038a-4b9b-876b-4c024bac29b1"", ""ontologyProperty"": ""http://www.cidoc-crm.org/cidoc-crm/P10_falls_within"", ""resourceXresourceId"": """", ""inverseOntologyProperty"": ""http://www.cidoc-crm.org/cidoc-crm/P10i_contains""}]",
e6bb2f0e-2bdf-408d-bd79-89e3c2aece1e,13th Century,Primary,Current,13th Century CE,Alternative,Current,The thirteenth century of the current calendar era (Anno Domini or Common Era) according to the Gregorian Calendar.,Full,Century,1201,1300,,
e6c2edbb-8636-4ab5-bcd4-036242aa985b,Late 13th Century,Primary,Current,Late 13th Century CE,Alternative,Current,The latter part of the thirteenth century of the current calendar era (Anno Domini or Common Era) according to the Gregorian Calendar.,Full,Century,1267,1300,"[{""resourceId"": ""e6bb2f0e-2bdf-408d-bd79-89e3c2aece1e"", ""ontologyProperty"": ""http://www.cidoc-crm.org/cidoc-crm/P10_falls_within"", ""resourceXresourceId"": """", ""inverseOntologyProperty"": ""http://www.cidoc-crm.org/cidoc-crm/P10i_contains""}]",
e70d3de0-2c54-4ac2-b2ab-1b51064ac042,Boudican Revolt,Primary,Current,,,,"Relating to the revolt against Roman rule led by Boudica of the Iceni tribe, which led to the razing of Camulodunum (Colchester), Londinium (London) and Verulamium (St Albans) before the Romans, led by Gaius Suetonius Paulinus, defeated Boudica's forces in battle at an unknown location along the course of Watling Street.",Full,Historic Period,60,61,"[{""resourceId"": ""17a25c50-799d-4ea7-bd0f-0994e30c1f63"", ""ontologyProperty"": ""http://www.cidoc-crm.org/cidoc-crm/P10_falls_within"", ""resourceXresourceId"": """", ""inverseOntologyProperty"": ""http://www.cidoc-crm.org/cidoc-crm/P10i_contains""}]",
e735f2c9-3847-49dc-aa61-d6ea6c1ee1b9,Mid 16th Century,Primary,Current,Mid 16th Century CE,Alternative,Current,The middle part of the sixteenth century of the current calendar era (Anno Domini or Common Era) according to the Gregorian Calendar.,Full,Century,1533,1566,"[{""resourceId"": ""eca63529-41f0-4eb8-abd3-e0733a63583c"", ""ontologyProperty"": ""http://www.cidoc-crm.org/cidoc-crm/P10_falls_within"", ""resourceXresourceId"": """", ""inverseOntologyProperty"": ""http://www.cidoc-crm.org/cidoc-crm/P10i_contains""}]",
e873f126-cb15-4dc9-a850-aed542f497e0,Late 10th Century,Primary,Current,Late 10th Century CE,Alternative,Current,The latter part of the tenth century of the current calendar era (Anno Domini or Common Era) according to the Gregorian Calendar.,Full,Century,967,1000,"[{""resourceId"": ""cbc16260-cc04-44c6-a766-100d14e71659"", ""ontologyProperty"": ""http://www.cidoc-crm.org/cidoc-crm/P10_falls_within"", ""resourceXresourceId"": """", ""inverseOntologyProperty"": ""http://www.cidoc-crm.org/cidoc-crm/P10i_contains""}]",
e88f9e0f-36cc-4f3a-b771-9f1aa71572ce,Late Iron Age,Primary,Current,,,,The third and latest subdivision of the Iron Age.,Full,Technological Period,-100,43,"[{""resourceId"": ""d0338a80-3a6e-429f-b02c-e8c2cbebe669"", ""ontologyProperty"": ""http://www.cidoc-crm.org/cidoc-crm/P10_falls_within"", ""resourceXresourceId"": """", ""inverseOntologyProperty"": ""http://www.cidoc-crm.org/cidoc-crm/P10i_contains""}]",
eca63529-41f0-4eb8-abd3-e0733a63583c,16th Century,Primary,Current,16th Century CE,Alternative,Current,The sixteenth century of the current calendar era (Anno Domini or Common Era) according to the Gregorian Calendar.,Full,Century,1501,1600,,
ed2c7274-842c-4f58-93c6-413dadfb2db8,Mid 1st Century,Primary,Current,Mid 1st Century CE,Alternative,Current,The middle part of the first century of the current calendar era (Anno Domini or Common Era) according to the Gregorian Calendar.,Full,Century,33,66,"[{""resourceId"": ""70f79d9f-8349-49fb-b95d-1b85ec7c6d35"", ""ontologyProperty"": ""http://www.cidoc-crm.org/cidoc-crm/P10_falls_within"", ""resourceXresourceId"": """", ""inverseOntologyProperty"": ""http://www.cidoc-crm.org/cidoc-crm/P10i_contains""}]",
ee796633-6926-41de-98b4-06e098ee9830,Pleistocene,Primary,Current,,,,The first of the two epochs of the Quaternary Period.,Full,Geological Period,-2580000,-9800,"[{""resourceId"": ""5756b2e9-b0cf-4163-9e11-eca79e9fe325"", ""ontologyProperty"": ""http://www.cidoc-crm.org/cidoc-crm/P10_falls_within"", ""resourceXresourceId"": """", ""inverseOntologyProperty"": ""http://www.cidoc-crm.org/cidoc-crm/P10i_contains""}]",
efb0bb74-47cd-4a3d-a572-98a1998819d2,Late 17th Century,Primary,Current,Late 17th Century CE,Alternative,Current,The latter part of the seventeenth century of the current calendar era (Anno Domini or Common Era) according to the Gregorian Calendar.,Full,Century,1667,1700,"[{""resourceId"": ""7b699488-b712-443b-b43f-23d47e5e773c"", ""ontologyProperty"": ""http://www.cidoc-crm.org/cidoc-crm/P10_falls_within"", ""resourceXresourceId"": """", ""inverseOntologyProperty"": ""http://www.cidoc-crm.org/cidoc-crm/P10i_contains""}]",
f454d9df-142a-4cbe-8d5c-63ed1024dab0,Early Medieval,Primary,Current,Anglo-Saxon,Alternative,Current,"This dates from the breakdown of Roman rule in Britain to the Norman invasion in 1066 and is to be used broadly for monuments of post Roman, Saxon and Viking date. Use more specific term where known.",Full,Historic Period,410,1066,,
f4c960b6-7c90-4dab-8538-de2633a3f362,Mid 2nd Century,Primary,Current,Mid 2nd Century CE,Alternative,Current,The middle part of the second century of the current calendar era (Anno Domini or Common Era) according to the Gregorian Calendar.,Full,Century,133,166,"[{""resourceId"": ""b5b57de4-0a34-4c50-89a4-e65d582ddc39"", ""ontologyProperty"": ""http://www.cidoc-crm.org/cidoc-crm/P10_falls_within"", ""resourceXresourceId"": """", ""inverseOntologyProperty"": ""http://www.cidoc-crm.org/cidoc-crm/P10i_contains""}]",
f7865ecb-4530-4f82-8407-34a28130511c,Middle Iron Age,Primary,Current,,,,The second subdivision of the Iron Age.,Full,Technological Period,-400,-100,"[{""resourceId"": ""d0338a80-3a6e-429f-b02c-e8c2cbebe669"", ""ontologyProperty"": ""http://www.cidoc-crm.org/cidoc-crm/P10_falls_within"", ""resourceXresourceId"": """", ""inverseOntologyProperty"": ""http://www.cidoc-crm.org/cidoc-crm/P10i_contains""}]",
fd556133-74e0-47ef-9dae-0f15a7979879,Mid 19th Century,Primary,Current,Mid 19th Century CE,Alternative,Current,The middle part of the nineteenth century of the current calendar era (Anno Domini or Common Era) according to the Gregorian Calendar.,Full,Century,1833,1866,"[{""resourceId"": ""972759f7-7c81-4ea6-bbfa-a76f8a955d25"", ""ontologyProperty"": ""http://www.cidoc-crm.org/cidoc-crm/P10_falls_within"", ""resourceXresourceId"": """", ""inverseOntologyProperty"": ""http://www.cidoc-crm.org/cidoc-crm/P10i_contains""}]",
fde507af-5d1e-462f-a357-ff6c777e50b9,Mid 8th Century,Primary,Current,Mid 8th Century CE,Alternative,Current,The middle part of the eighth century of the current calendar era (Anno Domini or Common Era) according to the Gregorian Calendar.,Full,Century,733,766,"[{""resourceId"": ""d60dff61-8e36-4408-836e-aa4beea47919"", ""ontologyProperty"": ""http://www.cidoc-crm.org/cidoc-crm/P10_falls_within"", ""resourceXresourceId"": """", ""inverseOntologyProperty"": ""http://www.cidoc-crm.org/cidoc-crm/P10i_contains""}]",
ff87fcae-84f1-4e60-8c26-a7d14e81b992,Late 20th Century,Primary,Current,Late 20th Century CE,Alternative,Current,The latter part of the twentieth century of the current calendar era (Anno Domini or Common Era) according to the Gregorian Calendar.,Full,Century,1967,2000,"[{""resourceId"": ""dce82930-30a2-4065-8d81-f7235aea1e0b"", ""ontologyProperty"": ""http://www.cidoc-crm.org/cidoc-crm/P10_falls_within"", ""resourceXresourceId"": """", ""inverseOntologyProperty"": ""http://www.cidoc-crm.org/cidoc-crm/P10i_contains""}]",
